1,Teodoro,Le Lamentin,10000
2,Delmor,Berendeyevo,10500
3,Hartwell,Karabudakhkent,11000
4,Tades,Tomarovka,11500
5,Franky,Coquitlam,12000
6,Abagail,Ciemas,12500
7,Daffi,Khanabad,13000
8,Aland,Kefar Shemaryahu,13500
9,Latisha,Xibin,14000
10,Ynes,Bayamo,14500
11,Vince,Jaen,15000
12,Neil,Huata,15500
13,Blondie,Zhutuo,16000
14,Marty,Odessa,16500
15,Phylis,Heliconia,17000
16,Granny,Turmus‘ayyā,17500
17,Celene,Shanjie,18000
18,Rozele,Nor Yerznka,18500
19,Wendye,Aguisan,19000
20,Lorenza,Mahikeng,19500
21,Hamid,Nizhniy Ufaley,20000
22,Munmro,Gävle,20500
23,Margarette,Lazaro Cardenas,21000
24,Lonny,Qingchuan,21500
25,Niels,Sioguí Abajo,22000
26,Vannie,Heping,22500
27,Chariot,Santa Quitéria do Maranhão,23000
28,Olivero,Dafundo,23500
29,Claiborne,Borzoy,24000
30,Vidovik,Abuochiche,24500
31,Alexis,Dongdai,25000
32,Erda,Feričanci,25500
33,Jamima,Radenka,26000
34,Charlean,Mangdang,26500
35,Mari,Banjar Teguan,27000
36,Leanor,‘Ayn al ‘Arab,27500
37,Fleming,Bukitkemuning,28000
38,Shurlock,Santa Cruz,28500
39,Merna,Río Grande,29000
40,Phillip,Tāklisah,29500
41,Clareta,Xujiaqiao,30000
42,Jedd,Guaíba,30500
43,Morie,Turi,31000
44,Wini,Kirovohrad,31500
45,Kennith,Dobrica,32000
46,Dannie,Vila,32500
47,Deny,Serang,33000
48,Benni,Fontenay-sous-Bois,33500
49,Arluene,Lujing Zhen,34000
50,Ingra,Bajos de Haina,34500
51,Gherardo,Paccha,35000
52,Judon,Changcun,35500
53,Eadmund,Mulhouse,36000
54,Alasteir,Capela,36500
55,Gwen,Padangcermin,37000
56,Katy,Nan’ao,37500
57,Saidee,Pasarkuok,38000
58,Rolland,Chashan,38500
59,Camala,Hollola,39000
60,Xever,Tabuc Pontevedra,39500
61,Clint,Carumas,40000
62,Willetta,Independencia,40500
63,Amye,Falefa,41000
64,Vinny,Trzin,41500
65,Reynold,Yongle,42000
66,Boyce,Plaza de Caisán,42500
67,Sherill,Rancharia,43000
68,Korney,Pingyao,43500
69,Catie,Vizal San Pablo,44000
70,Annabell,Bayanbulag,44500
71,Rowena,Najrān,45000
72,Adela,Caleufú,45500
73,Conni,Brzeg Dolny,46000
74,Hewitt,Pemzashen,46500
75,Lynnett,Turnišče,47000
76,Thain,Jiuzhou,47500
77,Wiatt,Macamic,48000
78,Thea,Wanfang,48500
79,Joela,Xinjiezi,49000
80,Emory,Lerrnanist,49500
81,Ryun,Jiezi,50000
82,Coop,Guaymango,50500
83,Pip,Ciherang,51000
84,Shelley,Lawa-an,51500
85,Cristiano,Mushu,52000
86,Cherrita,Shizi,52500
87,Carmelia,Houmt Souk,53000
88,Kent,Jinhe,53500
89,Thorn,Nesovice,54000
90,Karoly,Yangyuan,54500
91,Amara,Snegiri,55000
92,Feodor,Kuanghe,55500
93,Margit,Karaundi,56000
94,Elinore,Zhagang,56500
95,Caleb,Yanagawamachi-saiwaichō,57000
96,Gil,Benavila,57500
97,Yorgo,Ban Talat Bueng,58000
98,Gannon,Banghai,58500
99,Tomlin,Ostružnica,59000
100,Corly,Santa Fe,59500
101,Tamar,Sandefjord,60000
102,Gavrielle,Novo,60500
103,Margareta,Bautista,61000
104,Nike,Huangtukuang,61500
105,Eleni,Xujiafang,62000
106,Yank,Mahe,62500
107,Rubina,Marzhing,63000
108,Shantee,Telengsari,63500
109,Shantee,Landvetter,64000
110,Arthur,Labin,64500
111,Odelia,Mutang,65000
112,Sonnnie,Yuta,65500
113,Daphene,Bantar,66000
114,Celestina,Bal Chirāgh,66500
115,Ricki,Şirrīn ash Shamālīyah,67000
116,Jarad,Växjö,67500
117,Milzie,Porosozero,68000
118,Mathias,Jabinyānah,68500
119,Lillian,La Esperanza,69000
120,Christabella,Coihaique,69500
121,Clara,Lijiang,70000
122,Adamo,Mörrum,70500
123,Kirstin,Magan,71000
124,Angelika,København,71500
125,Missie,Tuxi,72000
126,Alexandrina,Wang Chan,72500
127,Dniren,Yamagata-shi,73000
128,Norina,Svenljunga,73500
129,Daisy,Mantes-la-Jolie,74000
130,Wainwright,Baturyn,74500
131,Neile,Oslo,75000
132,Hew,Kalaxilike,75500
133,Deanna,Shangganshan,76000
134,Alyse,Richmond,76500
135,Tim,Wanganui,77000
136,Reid,Psyzh,77500
137,Annabell,Saint-Priest,78000
138,Sallyanne,Sorocaba,78500
139,Hollis,Le Havre,79000
140,Clarissa,Shāzand,79500
141,Charlotte,Vadstena,80000
142,Perice,Fonte de Angeão,80500
143,Duncan,Yanqi,81000
144,Blanch,Linggou,81500
145,Jock,Soure,82000
146,Gnni,Quebradas,82500
147,Norry,Ruyigi,83000
148,Gretta,Sōja,83500
149,Calhoun,El Sombrero,84000
150,Galen,Llalli,84500
151,Fred,Junshan,85000
152,Salaidh,Frýdek-Místek,85500
153,Amargo,Santa Bárbara,86000
154,Hollis,Luleå,86500
155,Jarret,Guifeng,87000
156,Rosene,Peuara,87500
157,Diego,Kasingan,88000
158,Ashley,Zhengcun,88500
159,Nada,Meilisi,89000
160,Carlin,Henglu,89500
161,Amelina,Pavlovskaya,90000
162,Fancy,Dongguang,90500
163,Kirsti,Douala,91000
164,Stefano,Dār Kulayb,91500
165,Clair,Dazhipo,92000
166,Stafford,Novi Karlovci,92500
167,Bryanty,Burgos,93000
168,Ancell,Miłakowo,93500
169,Marya,‘Ayn al Bayḑā,94000
170,Sallyann,Káto Asítai,94500
171,Jeramey,Amsterdam Noord west,95000
172,Walden,Oslo,95500
173,Eamon,Roczyny,96000
174,Arlyne,Belung Satu,96500
175,Gay,El Galpón,97000
176,Pegeen,Calsib,97500
177,Noe,Xiguantun Muguzu Manzuxiang,98000
178,Gloriana,Nowy Dwór Gdański,98500
179,Renell,Kudara-Somon,99000
180,Caryn,Saint Louis,99500
181,Mignonne,Morro Agudo,100000
182,Meta,Graz,100500
183,Frazer,Pamiątkowo,101000
184,Eyde,Yinjiang,101500
185,Aubrey,Purabaya,102000
186,Marilin,Naguilian,102500
187,Aggy,Tangtuzhui,103000
188,Honoria,Fengqiao,103500
189,West,Pisaras,104000
190,Charlena,Racławice,104500
191,Yorgos,Baki,105000
192,Mable,Normandin,105500
193,Vladamir,Myślenice,106000
194,Judie,Tombu,106500
195,Arabella,Peskovka,107000
196,Jason,Shchuchin,107500
197,Lanae,Qingxi,108000
198,Lonna,Utrecht (stad),108500
199,Astrix,Rizal,109000
200,Aguste,Prado,109500
201,Parsifal,Chegutu,110000
202,Benita,Odiongan,110500
203,Ingelbert,Yuqian,111000
204,Renelle,Heshui,111500
205,Lucie,Konstancin-Jeziorna,112000
206,Neda,Cikalang,112500
207,Jenelle,Austin,113000
208,Debbie,New Shagunnu,113500
209,Sunshine,Saint Louis,114000
210,Coop,Senta,114500
211,Verina,Liushi,115000
212,Nancy,Espírito Santo do Pinhal,115500
213,Brigit,Anta,116000
214,Meghann,Leiden,116500
215,Gordie,Bogdanovich,117000
216,Charyl,São Cristóvão,117500
217,Thatch,Voznesenskaya,118000
218,Noelle,Huotian,118500
219,Maribel,Duanjia,119000
220,Brad,Kurchatov,119500
221,Mozes,San Julian,120000
222,Clementine,Mawa,120500
223,Emalia,Laizhou,121000
224,Kaleena,Jatirogo,121500
225,Lowe,Concepción,122000
226,Terri,Oslob,122500
227,Avrit,Tinta,123000
228,Fannie,Komsomol’sk,123500
229,Lenee,Sōja,124000
230,Florry,Tete,124500
231,Honoria,Longsha,125000
232,Garrick,Lobito,125500
233,Laney,Pasaco,126000
234,Thorvald,Danderyd,126500
235,Nanni,Montaneza,127000
236,Concettina,Cercal,127500
237,Malena,Pedregal,128000
238,Marj,Yashao,128500
239,Carmela,Saidpur,129000
240,Cirilo,Santo Niño,129500
241,Natalina,Igoumenítsa,130000
242,Robinson,Gokwe,130500
243,Osbourne,Verdizela,131000
244,Kerry,Pangkalan,131500
245,Janean,Simuay,132000
246,Garret,Bajing,132500
247,Giselle,Olleros,133000
248,Miltie,Lodwar,133500
249,Katrina,Kauniainen,134000
250,Jeno,San Manuel,134500
251,Aldous,Yingkeng,135000
252,Reagen,Nong Muang,135500
253,Derk,Dahu,136000
254,Robby,Nyahururu,136500
255,Berti,Sefrou,137000
256,Vitia,Chorente,137500
257,Gaile,Sidamukti,138000
258,Rozelle,Ervedosa do Douro,138500
259,Toni,Totoral,139000
260,Maggy,Khuean Ubonrat,139500
261,Phedra,Buenos Aires,140000
262,Erastus,Damatou,140500
263,Gisella,Dzerzhinskiy,141000
264,Jocelyne,Caiyuan,141500
265,Danit,Yidao,142000
266,Lucinda,Żarki,142500
267,Klement,Henglin,143000
268,Courtenay,Benešov nad Ploučnicí,143500
269,Dannel,Mojokerto,144000
270,Roslyn,Kapakabisa,144500
271,Corly,Baihua,145000
272,Annalee,Canavieiras,145500
273,Abey,San Vicente,146000
274,Eddie,Aurillac,146500
275,Mellicent,Mulyadadi,147000
276,Ethe,Oro Verde,147500
277,Jessie,Nouméa,148000
278,Mela,Caminaca,148500
279,Adaline,Maksatikha,149000
280,Lutero,Upernavik,149500
281,Chrysa,Mahendranagar,150000
282,Othelia,Mranggen,150500
283,Gaby,Novoalekseyevskaya,151000
284,Floria,Maicao,151500
285,Linell,Ramon’,152000
286,Harriot,Talzemt,152500
287,Joellyn,Lawa-an,153000
288,Gillan,Choroszcz,153500
289,Allan,Qingshui,154000
290,Steven,Jaruco,154500
291,Lotta,Isangel,155000
292,Phyllys,Sarapul,155500
293,Leontyne,Songjiang,156000
294,Berri,Tartu,156500
295,Reinhard,Ourense,157000
296,Leon,Bollstabruk,157500
297,Mil,Dungon,158000
298,Glenn,Yijing,158500
299,Netta,Fomento,159000
300,Pren,Afántou,159500
301,Rowe,Cigaleuh Kulon,160000
302,Nahum,Safi,160500
303,Sunny,Xunzhong,161000
304,Jobey,Vary,161500
305,Chery,Cluses,162000
306,Etta,Łomianki,162500
307,Kane,Hule,163000
308,Gayler,Lipljan,163500
309,Shirline,Chuandao,164000
310,Elicia,Klishkivtsi,164500
311,Alexi,Profítis Ilías,165000
312,Gnni,Landerneau,165500
313,Alfred,Bengtsfors,166000
314,Freddi,Guane,166500
315,Adey,Daping,167000
316,Nicoli,Shizunai-furukawachō,167500
317,Christian,Kluczbork,168000
318,Erny,Namibe,168500
319,Trudy,Alta Gracia,169000
320,Hollyanne,Alemanguan,169500
321,Harwilll,Tromsø,170000
322,Raimundo,Minanga Norte,170500
323,Sharlene,Benito Juarez,171000
324,Kandace,Hukvaldy,171500
325,Dasi,Gainesville,172000
326,Rouvin,Antas,172500
327,Eziechiele,Semarapura,173000
328,Rhianna,Sillamäe,173500
329,Evin,Sunagawa,174000
330,Leonore,Sanguanzhai,174500
331,Svend,Mobai,175000
332,Rhianna,Sim,175500
333,Osgood,Yaozhuang,176000
334,Melessa,Bendungan,176500
335,Thedrick,Rejasa Kaja,177000
336,Cally,Gul’cha,177500
337,Thorstein,Napoles,178000
338,Zerk,Wenwusha,178500
339,Quinton,Bat Khela,179000
340,Roxanne,Skënderbegas,179500
341,Averill,Voyutychi,180000
342,Selby,Chengbei,180500
343,Delia,Cikadondongdesa,181000
344,Diahann,Shuibatang,181500
345,Krishnah,Jingcheng,182000
346,Carilyn,Aracaju,182500
347,Elijah,Qal‘ah-ye Shahr,183000
348,Karlan,Rejasa Kaja,183500
349,Dulciana,Slatina,184000
350,Bryn,Madur,184500
351,Sioux,Tríkeri,185000
352,Chase,Jönköping,185500
353,Dicky,Puerto Cumarebo,186000
354,Doti,Pende,186500
355,Timotheus,Tolú,187000
356,Ambrosi,Gardanne,187500
357,Clerissa,Pakxé,188000
358,Humfrey,Daijiaba,188500
359,Codi,Dalai,189000
360,Clyve,Derjan,189500
361,Basilio,Emmen,190000
362,Durand,Luau,190500
363,Blaine,Xiachu,191000
364,Townsend,Agua Blanca,191500
365,Alina,San Diego,192000
366,Cairistiona,Laka,192500
367,Tracee,Shawnee Mission,193000
368,Velma,Bambari,193500
369,Persis,Sharīfābād,194000
370,Leonore,Dongfeng,194500
371,Irvine,Sanchahe,195000
372,Rebecca,Huilong,195500
373,Kariotta,Muramvya,196000
374,Natalee,Menggala,196500
375,Nealson,Sandaowan,197000
376,Leonardo,Los Boquerones,197500
377,Nonah,Rio Real,198000
378,Clarinda,Kertosari,198500
379,Jerry,Chengxiang,199000
380,Dedie,Duhu,199500
381,Arlie,Kamenka,200000
382,Rafi,Monte Aprazível,200500
383,Gracia,Länsi-Turunmaa,201000
384,Leland,Jiubao,201500
385,Paddy,Jinotega,202000
386,Peta,Spas,202500
387,Rene,Nantes,203000
388,Marci,Manis Mekarwangi,203500
389,Mohandas,Camocim,204000
390,Solly,Gobang,204500
391,Van,Yufa,205000
392,Teresita,Cedynia,205500
393,Josey,Keruguya,206000
394,Jacinda,Nong Ki,206500
395,Theodore,Figueira,207000
396,Lenee,Strellc i Ulët,207500
397,Myrta,Iznoski,208000
398,Netti,Fiditi,208500
399,Alyss,Lafayette,209000
400,Binky,Ängelholm,209500
401,Vivyanne,Al Mālikīyah,210000
402,Glennis,Cuchumbaya,210500
403,Nadiya,Gros Morne,211000
404,Antonetta,Bahāwalpur,211500
405,Brittan,Lahishyn,212000
406,Aurelie,Dengtang,212500
407,Josepha,Dār an Naşr,213000
408,Ravid,Fukura,213500
409,Crosby,Cruz de Pau,214000
410,Hanni,Pantai,214500
411,Den,Peraía,215000
412,Dorelia,Purificación,215500
413,Pat,Agboville,216000
414,Clair,Coris,216500
415,Farlay,Skhira,217000
416,Kin,Venda do Valador,217500
417,Dollie,Bangunsari,218000
418,Baily,Lương Bằng,218500
419,Karola,Timaru,219000
420,Cristina,Jacaltenango,219500
421,Natka,Cernache do Bonjardim,220000
422,Gwenette,Zhangxi,220500
423,Rochette,Domaniewice,221000
424,Bastian,Wiyayu Barat,221500
425,Alvin,Oslo,222000
426,Ilaire,Fengshuling,222500
427,Bibi,Medellín,223000
428,Lisabeth,Bobota,223500
429,Grace,Wujiayao,224000
430,Damian,Surubim,224500
431,Lance,Sumoto,225000
432,Marlane,Dmitrov,225500
433,Bea,Józefów,226000
434,Naomi,Aripuanã,226500
435,Noell,Karangan,227000
436,Trev,Lešná,227500
437,Ellene,Dayanggezhuang,228000
438,Durante,Ribeirão da Ilha,228500
439,Nathanial,Réo,229000
440,Marwin,Xarrë,229500
441,Wallie,Sihanoukville,230000
442,Shae,Kanturk,230500
443,Barnie,Cruzeiro do Oeste,231000
444,Cori,Limoeiro do Norte,231500
445,Alexis,Nagasaki-shi,232000
446,Claudie,Riangkroko,232500
447,Lizette,Buyant,233000
448,Heda,Dzhiginka,233500
449,Andromache,Aurillac,234000
450,Merilee,Pongkor,234500
451,Amabelle,Dashiren,235000
452,Carry,Haapsalu,235500
453,Dacie,Maojiagang,236000
454,Orelie,Erie,236500
455,Nial,San Antonio,237000
456,Matthus,San Juan Opico,237500
457,Artair,Zhangye,238000
458,Nadiya,Tingzhou,238500
459,Seymour,Asikkala,239000
460,Spense,Rîbniţa,239500
461,Ermengarde,Angoulême,240000
462,Lib,Dianbu,240500
463,Worth,Korkino,241000
464,Jacquette,Manjing,241500
465,Bart,Aubenas,242000
466,Garfield,Sakerta Timur,242500
467,Lynne,Norsborg,243000
468,Regina,Votkinsk,243500
469,Ringo,Lingshan,244000
470,Felisha,Ebebiyin,244500
471,Adrienne,Sobral da Abelheira,245000
472,Kalvin,Tlatah,245500
473,Corry,Yotala,246000
474,Denver,Chongxing,246500
475,Elyssa,Raşad,247000
476,Chalmers,Santa Cruz,247500
477,Ailis,Regueiro,248000
478,Foster,Taurija,248500
479,Boyce,Manakara,249000
480,Carolus,Río Grande,249500
481,Caron,Paprotnia,250000
482,Bobbye,Dalongzhan,250500
483,Desdemona,Chenzhouzhai,251000
484,Mavis,Paulpietersburg,251500
485,Gunar,Akhfennir,252000
486,Dyan,Paris 08,252500
487,Aaren,Yuzui,253000
488,Katrinka,Na'ale,253500
489,Far,Nashville,254000
490,Wayne,Lappeenranta,254500
491,Ede,Bierawa,255000
492,Fonsie,Öjebyn,255500
493,Vasili,Solna,256000
494,Gerek,Comilla,256500
495,Brandea,Chadong,257000
496,Boyd,Nungga,257500
497,Chevalier,Longxing,258000
498,Fanchon,Burirao,258500
499,Marilin,Shashemenē,259000
500,Sylvia,Pukou,259500
501,Ilka,Rancabolang,260000
502,Jo ann,Daulatpur,260500
503,Alix,Jati,261000
504,Ninette,Kubangeceng,261500
505,Ophelie,Pacora,262000
506,Conrado,Bukui,262500
507,Zaccaria,Ombul Barat,263000
508,Winn,Xinglongchang,263500
509,Eden,Delft,264000
510,Worthington,Khairiahmandah,264500
511,Wash,Owase,265000
512,Jacinda,Huyang,265500
513,Kelvin,Wola Jachowa,266000
514,Delila,Shādegān,266500
515,Pearle,Yisa,267000
516,Enrica,Custóias,267500
517,Fredek,San Pedro One,268000
518,Cully,Kota Kinabalu,268500
519,Jacky,Wanju,269000
520,Fraser,Orong,269500
521,Mirella,Cisompet,270000
522,Cammy,Potlot,270500
523,Karie,‘Aşīrah al Qiblīyah,271000
524,Maxie,Huarong Chengguanzhen,271500
525,Elspeth,Lourdes,272000
526,Dione,Smołdzino,272500
527,Freddy,Taipingxi,273000
528,Catlin,Jinxiu,273500
529,Janaya,Reiko,274000
530,Karita,Humen,274500
531,Joni,Bashtanka,275000
532,Barton,Nova Venécia,275500
533,Marcile,São Bento do Sul,276000
534,Larine,Houston,276500
535,Agretha,Sugito,277000
536,Magnum,Bokkos,277500
537,Will,Sidaharja,278000
538,Kristian,Mouhijärvi,278500
539,Bartlet,Oyskhara,279000
540,Elmo,Sioguí Arriba,279500
541,Ashil,Aime,280000
542,Bernarr,Itatuba,280500
543,Rudyard,Antony,281000
544,Bran,Wołomin,281500
545,Adelle,Lijiazui,282000
546,Constancia,Catania,282500
547,Mark,Cekcyn,283000
548,Godfree,Marignane,283500
549,Dar,Diourbel,284000
550,Berkie,Enköping,284500
551,Marys,Nashville,285000
552,Ulberto,Rudo,285500
553,Marena,Mogotes,286000
554,Skell,Stari Grad,286500
555,Maitilde,Santa Fé do Sul,287000
556,Ernie,Bradford,287500
557,Daisey,Hezhi,288000
558,Heall,Inhambupe,288500
559,Lucio,Bualu,289000
560,Hesther,Wufeng,289500
561,Ethan,Abū Ghaush,290000
562,Jami,Shangyuan,290500
563,Orsa,Santa Luċija,291000
564,Rosalyn,Harderwijk,291500
565,Calhoun,Cajueiro,292000
566,Jolie,Khun Han,292500
567,Sarita,Ampasimanolotra,293000
568,Cathrine,Donskoye,293500
569,Sibyl,La Paz,294000
570,Cleo,Tagakpan,294500
571,Iormina,Nakkila,295000
572,Fiorenze,Buyant,295500
573,Lin,Purwodadi,296000
574,Karalynn,Uga,296500
575,Karoly,Baraya,297000
576,Gwenny,Shuangnian,297500
577,Ulberto,Tsuen Wan,298000
578,Ezmeralda,Paris 15,298500
579,Jeramey,Kalde Panga,299000
580,Amargo,Carson City,299500
581,Fallon,Mariefred,300000
582,Dawn,Soa,300500
583,Cindelyn,Shuigou’ao,301000
584,Benoit,Nevinnomyssk,301500
585,Gawen,Sabbah,302000
586,Agustin,Cihambali,302500
587,Raddie,Ganhe,303000
588,Maible,Pyapon,303500
589,Marleen,Calingcing,304000
590,Dorothy,Ramotswa,304500
591,Susanne,Tulsa,305000
592,Darrick,Foz do Iguaçu,305500
593,Jakie,Yelenendorf,306000
594,Joanie,Meiktila,306500
595,Ramsay,Barreiro,307000
596,Abram,Hotsk,307500
597,Kermie,Metković,308000
598,Gussy,Ogawa,308500
599,Lyda,Xinfu,309000
600,Isidor,Businga,309500
601,Wilhelm,Melita,310000
602,Mathilda,Villa del Rosario,310500
603,Gene,Huai’an,311000
604,Raina,Thika,311500
605,Kandy,Sanjiang,312000
606,Devinne,Bangus Kulon,312500
607,Raychel,Barberton,313000
608,My,Marcos Juárez,313500
609,Tristam,Chipaque,314000
610,Ransom,Okigwi,314500
611,Nancee,Lagos,315000
612,Reidar,Herzliya Pituah,315500
613,Averil,Andalucía,316000
614,Winnah,Changshan,316500
615,Warde,Ferraria,317000
616,Lorie,Wuping,317500
617,Boonie,Mahalapye,318000
618,Gusty,Wieczfnia Kościelna,318500
619,Tobin,Inongo,319000
620,Renaldo,Jiedu,319500
621,Kenny,Kasongo,320000
622,Katrine,Trŭn,320500
623,Hamil,Niitsu-honchō,321000
624,Duane,Bīr Zayt,321500
625,Othello,Morón,322000
626,Paulie,Velykyi Bereznyi,322500
627,Abran,Ciudad Choluteca,323000
628,Sheree,Koni-Djodjo,323500
629,Gustie,Lulindi,324000
630,Deeanne,Sosnówka,324500
631,Bourke,Tungdor,325000
632,Alena,Pisangkemeng,325500
633,Kandace,Tugela Ferry,326000
634,Jennette,Quebracho,326500
635,Phoebe,Xiashu,327000
636,Rica,Menzel Jemil,327500
637,Lawton,Bujumbura,328000
638,Les,Arendal,328500
639,Clarisse,Lumbayan,329000
640,Angela,Fengxian,329500
641,Camella,Huitong,330000
642,Babs,Nowe Skalmierzyce,330500
643,Stella,Wulin,331000
644,Alvira,Marcq-en-Barœul,331500
645,Felicia,Soweto,332000
646,Lynelle,Kigoma,332500
647,Franni,Picoto,333000
648,Irena,Selizharovo,333500
649,Haroun,Szolnok,334000
650,Maryjo,Milano,334500
651,Martguerita,Ust’-Kalmanka,335000
652,Karly,Tavricheskoye,335500
653,Edythe,Magang,336000
654,Sissie,Tangjiapo,336500
655,Hortense,Mozhga,337000
656,Zedekiah,Buenos Aires,337500
657,Geoffry,Feijó,338000
658,Robinet,Thạnh Mỹ,338500
659,Willis,Sipe Sipe,339000
660,Shayla,Yasenevo,339500
661,Iago,Chegang,340000
662,Glori,Sapadun,340500
663,Rolland,Kaberamaido,341000
664,Maria,Baton Rouge,341500
665,Shani,Dete,342000
666,Mandie,Yubileynyy,342500
667,Lindy,Plomárion,343000
668,Neall,Sarlat-la-Canéda,343500
669,Lillis,Lunec,344000
670,Tasha,Kyenjojo,344500
671,Tate,Al Jubayhah,345000
672,Jennifer,Kurbnesh,345500
673,Brandais,Sinarbakti,346000
674,Hedwiga,Chamni,346500
675,Bonnee,Detroit,347000
676,Sabina,Shaxi,347500
677,Jaimie,Chayuan,348000
678,Moses,Medang,348500
679,Nial,Cibingbin,349000
680,Phebe,Karangwaru,349500
681,Nevile,Asíni,350000
682,Bekki,Red Hill,350500
683,Darby,Garmo,351000
684,Ebeneser,Kigali,351500
685,Jo ann,Gorbunki,352000
686,Gaven,Vientiane,352500
687,Georgie,Succha,353000
688,Domingo,Punta Arenas,353500
689,Cleve,Jesenice,354000
690,Janot,Krutja e Poshtme,354500
691,Jere,Pingya,355000
692,Leanna,Pombal,355500
693,Cristionna,Rotterdam postbusnummers,356000
694,Aigneis,Pavlivka,356500
695,Vinson,Nagarakembang,357000
696,Philip,Carmen,357500
697,Tito,Kozhanka,358000
698,Marney,Conroe,358500
699,Maurine,Pawak,359000
700,Kaitlyn,Salaš Crnobarski,359500
701,Elbertine,Banjarjo,360000
702,Renado,Piasek,360500
703,Ophelia,Okunoya,361000
704,Leoline,Bom Jesus da Lapa,361500
705,Dew,Santa Cruz,362000
706,Ailbert,Lipci,362500
707,Cosmo,Zanjān,363000
708,Julio,Liyuan,363500
709,Winifred,Chicoana,364000
710,Germayne,Kelasuri,364500
711,Tana,Mlanggeng,365000
712,Lottie,Blinsung,365500
713,Cassie,Monching,366000
714,Pepito,Duque de Caxias,366500
715,Irvine,Pan de Azúcar,367000
716,Faustine,Sande São Martinho,367500
717,Lennie,Järfälla,368000
718,Carin,Tongda,368500
719,Jenn,Vayk’,369000
720,Hailey,Kendari,369500
721,Arnaldo,Bunigeulis,370000
722,Goldina,Longmen,370500
723,Bethena,Magugu,371000
724,Liz,Dukhovnitskoye,371500
725,Elisabet,Zhajin,372000
726,Burke,San Jacinto,372500
727,Batholomew,Maagnas,373000
728,Carney,Álli Meriá,373500
729,Lenka,Lamut,374000
730,Matteo,Magalalag,374500
731,Gilligan,Abaza,375000
732,Jorie,Chaiwan,375500
733,Charla,Sagasa,376000
734,Carena,Dolulolong,376500
735,Shelley,Douarnenez,377000
736,Ardeen,Naran-mandokhu Somon,377500
737,Flem,Cibeureum,378000
738,Ferdy,Daping,378500
739,Reina,Mojkovac,379000
740,Huberto,Simenqian,379500
741,Becki,Santa Cruz das Flores,380000
742,Eleanor,Nombre de Jesús,380500
743,Palm,Skołyszyn,381000
744,Jennifer,Talibura,381500
745,Dolli,Bilshivtsi,382000
746,Nell,Huohua,382500
747,Joelly,Tsuma,383000
748,Zola,Trablice,383500
749,Rhonda,Sukorejo,384000
750,Silas,Beauvais,384500
751,Dag,Castle Bruce,385000
752,Lari,Qianzhou,385500
753,Cecilius,Bandhagen,386000
754,Nicol,Libato,386500
755,Raoul,Balut,387000
756,Audrey,Siteki,387500
757,Gennie,Orlovka,388000
758,Danyelle,Lanat,388500
759,Burk,Zakliczyn,389000
760,Corena,Gewanē,389500
761,Nert,Fuxing,390000
762,Philbert,Zeewolde,390500
763,Justine,Changting,391000
764,Dasya,San Pedro,391500
765,Lyndsey,Dërmënas,392000
766,Shay,Shenavan,392500
767,Lockwood,Jasienica Rosielna,393000
768,Meris,Chulabhorn,393500
769,Donny,Lamas,394000
770,Alecia,Sabhā,394500
771,Tracie,Chengxiang,395000
772,Marylinda,Izazi,395500
773,Kayle,Mondokan,396000
774,Elnora,Ninh Giang,396500
775,Dona,Geputan,397000
776,Appolonia,Oitui,397500
777,Manuel,Vilémov,398000
778,Elfrida,Quinta,398500
779,Crista,Covas,399000
780,Irv,Matriz de Camaragibe,399500
781,Patin,Hengdian,400000
782,Marie-jeanne,Margabakti,400500
783,Felic,Anchang,401000
784,Kirsten,Kaz,401500
785,Akim,São Francisco,402000
786,Mikkel,Greensboro,402500
787,Ronna,Kańczuga,403000
788,Rollins,Vary,403500
789,Claudine,Mehtar Lām,404000
790,Corrine,Siilinjärvi,404500
791,Brad,Ursus,405000
792,Clyve,Ituzaingó,405500
793,Glynnis,Sukabatu,406000
794,Kellsie,Heping,406500
795,Lorette,Duishan,407000
796,Matt,Muarabuliti,407500
797,Nicky,Wiset Chaichan,408000
798,Mariska,Michałowice,408500
799,Calv,Manay,409000
800,Anstice,Bijelo Polje,409500
801,Raffarty,Sibreh,410000
802,Linnell,Curitiba,410500
803,Nicolai,San Silvestre,411000
804,Stepha,Paris 14,411500
805,Robenia,Dollard-Des Ormeaux,412000
806,Charlotta,Honda,412500
807,Hannis,Lysice,413000
808,Alleyn,Nickby,413500
809,Maryellen,Shinshiro,414000
810,Tamiko,Hasaki,414500
811,Hugues,Shakhun’ya,415000
812,Bobina,Ar Rābiyah,415500
813,Aylmer,Roza,416000
814,Albertina,Pau,416500
815,Curry,Cortinhas,417000
816,Bartie,Kėdainiai,417500
817,Ingram,Gandapura,418000
818,Wye,Roma,418500
819,Ario,Dzüünkharaa,419000
820,Windy,Manzë,419500
821,Chery,Kendayakan,420000
822,Matty,Khisarya,420500
823,Carree,Chenchang,421000
824,Sondra,Issy-les-Moulineaux,421500
825,Madonna,Xiwang,422000
826,Issy,Krajan Dermawuharjo,422500
827,Jean,Villa Concepción del Tío,423000
828,Elsworth,Västra Frölunda,423500
829,Rachael,Bernardo de Irigoyen,424000
830,Mae,Žemaičių Naumiestis,424500
831,Arda,Libertador General San Martín,425000
832,Janna,Angered,425500
833,Tallia,San Diego,426000
834,Retha,Yulin,426500
835,Donelle,Embarcación,427000
836,Robinette,Itajuípe,427500
837,Correna,Yantan,428000
838,Arin,Xiushan,428500
839,Karalynn,Maglajani,429000
840,Frans,Pantukan,429500
841,Bronny,Quintães,430000
842,Bailie,Mungo,430500
843,Lisabeth,Novaya Derevnya,431000
844,Carolann,Nairobi,431500
845,Park,Alenquer,432000
846,Lazar,Tacheng,432500
847,Lorri,Załuski,433000
848,Tuesday,KwaMbonambi,433500
849,Terry,Krajan,434000
850,Hirsch,Bačka Topola,434500
851,Cordie,Tanzybey,435000
852,Meagan,Novo Aripuanã,435500
853,Ivory,Kokop,436000
854,Julie,Tembayangan Barat,436500
855,Dew,Pyetrykaw,437000
856,Aggi,Mānānwāla,437500
857,Clementia,Housuo,438000
858,Ernesta,Lakinsk,438500
859,Jolee,Gião,439000
860,Noemi,Gongxi,439500
861,Marcellina,Lugo,440000
862,Rex,Solna,440500
863,Tammy,Coromandel,441000
864,Natassia,Liangyaping,441500
865,Burty,Lethbridge,442000
866,Leisha,Heihe,442500
867,Maxim,Girón,443000
868,Shauna,Pereiras,443500
869,Malchy,Niba,444000
870,Theodora,Independencia,444500
871,Dorian,Moulay Yacoub,445000
872,Boony,Basīrpur,445500
873,Lonna,Szczurowa,446000
874,Peggie,Pangantocan,446500
875,Nina,Shuitou,447000
876,Ransom,Morrinhos,447500
877,Deina,São Pedro de Trafaria,448000
878,Dara,Yimamu,448500
879,Tybalt,Yangiobod,449000
880,Gerrilee,Gornyak,449500
881,Berny,Kapchorwa,450000
882,Neall,Salvacion,450500
883,Leanora,Metz,451000
884,Seamus,Chenôve,451500
885,Cassius,Bucay,452000
886,Cathrine,Ijuí,452500
887,Angy,Otaslavice,453000
888,Jethro,Brades,453500
889,Fayette,Vendargues,454000
890,Roddie,Palencia,454500
891,Boyce,Liushi,455000
892,Ezekiel,Columbus,455500
893,Berget,Bagansiapiapi,456000
894,Kimmi,Temorlorong,456500
895,Camile,Fanrong,457000
896,Lavinia,Seattle,457500
897,Niall,Eslāmābād,458000
898,Amelia,Białobrzegi,458500
899,Bibbye,Bené Beraq,459000
900,Crysta,Awgu,459500
901,Erasmus,João Câmara,460000
902,Sabine,Tinambacan,460500
903,Madelle,Taldom,461000
904,Salomi,Třemošnice,461500
905,Falito,Orléans,462000
906,Sheela,Huangxi,462500
907,Netty,Boguchar,463000
908,Karrah,Huangjindong,463500
909,Stephan,Dorp Tera Kora,464000
910,Tabina,Gunungputri,464500
911,Benedicta,Stepanovićevo,465000
912,Goldarina,Tiantang,465500
913,Berry,Sargatskoye,466000
914,Kelby,Hvozdná,466500
915,Rusty,Taiyangling,467000
916,Temp,Oliveira,467500
917,Jammie,Pallasovka,468000
918,Uri,Oliveira de Frades,468500
919,Connie,Chenārān,469000
920,Efrem,La Calera,469500
921,Rachele,Lomme,470000
922,Merissa,Freiria,470500
923,Dorey,San José,471000
924,Lazar,Boca Suno,471500
925,Orella,Barwałd Górny,472000
926,Jakob,Makumbako,472500
927,Mechelle,Łaskarzew,473000
928,Beverlee,Laholm,473500
929,Juditha,Anling,474000
930,Kayla,Fufang,474500
931,Gae,Yanqian,475000
932,Nicko,Sibucao,475500
933,Molli,Kakamigahara,476000
934,Oswell,Santa Catarina,476500
935,Carmine,Tlogowetan,477000
936,Tamma,Uto,477500
937,Hildy,‘Afak,478000
938,Dante,Nukuoro,478500
939,Anatole,Nuasepu,479000
940,Nolie,Labuhantanggabesar,479500
941,Gerrie,Huangcun,480000
942,Blayne,Wuqu,480500
943,Kerby,San Pedro Apartado,481000
944,Jessalyn,Postoloprty,481500
945,Avrit,Longxian,482000
946,Jenn,Krajan Alasdowo,482500
947,Maren,Wangqingtuo,483000
948,Gay,Chishui,483500
949,Noble,Abangay,484000
950,Whitney,Pamoyanan,484500
951,Antoni,Iwierzyce,485000
952,Alberik,Sokal’,485500
953,Vidovik,Orekhovo-Borisovo Severnoye,486000
954,Michell,Carleton Place,486500
955,Rayna,Guacarí,487000
956,York,Krajan,487500
957,Sheila-kathryn,Velké Němčice,488000
958,Nessy,The Valley,488500
959,Bernadette,Albergaria,489000
960,Claresta,Pingyi,489500
961,Dolly,Bochum,490000
962,Ernaline,La Colorada,490500
963,Dorotea,Yuty,491000
964,Willard,Terara,491500
965,Sheela,Sungayang,492000
966,Jesse,Phoenix,492500
967,Horatius,Tuplice,493000
968,Rachael,Lixin,493500
969,Roderich,El Jícaro,494000
970,Andres,Lixu,494500
971,Clarey,Judita,495000
972,Olivier,Portland,495500
973,Kristoffer,Tulsīpur,496000
974,Arleyne,Sawahbaru,496500
975,Aguie,Buynaksk,497000
976,Mable,Kárystos,497500
977,Abbey,Tabivere,498000
978,Uta,Onsala,498500
979,Hayward,Gradačac,499000
980,Kalina,Moutfort,499500
981,Shaw,Paris 01,500000
982,Kerwin,Camrose,500500
983,Finlay,Tegarenkrajan,501000
984,Standford,Tasovčići,501500
985,Boyce,Ghurayd Gharamē,502000
986,Dorree,La Dicha,502500
987,Jorry,Káto Miliá,503000
988,Elvera,Fakel,503500
989,Poppy,Mulhouse,504000
990,Carola,Moengo,504500
991,Aundrea,Shigongqiao,505000
992,Halsy,Yuanshanzi,505500
993,Marcile,Fréjus,506000
994,Yorke,Koh Kong,506500
995,Terry,Vales,507000
996,Noel,Energeticheskiy,507500
997,Betty,Keetmanshoop,508000
998,Konstantine,Xunzhong,508500
999,Clarissa,Wañgan,509000
1000,Peri,Yuanqiao,509500
